{"surrogate": {"BA": " BA ==  - 49.996155338882410035239 * AIBN_0 - 0.63114766558353255221370E-001 * Temperature - 0.19059132716364995951963 * Time + 1.7115553972102237612063 * BA_0 + 1127.8876178716632239230 * AIBN_0**2 + 0.36260338236889498066129E-003 * Temperature**2 + 0.86469084935100731098556E-002 * Time**2 - 0.49726888247407695364810E-001 * BA_0**2 + 0.28345535597741988720344 * AIBN_0*Temperature + 0.52571669096575812663019 * AIBN_0*Time - 10.559993167824611504102 * AIBN_0*BA_0 + 0.10021883677653982067102E-002 * Temperature*Time - 0.13555318228798917540301E-001 * Temperature*BA_0 - 0.39480196105855000499041E-001 * Time*BA_0 + 3.1696211437985293279951"}, "input_labels": ["AIBN_0", "Temperature", "Time", "BA_0"], "output_labels": ["BA"], "input_bounds": {"AIBN_0": [0.0025, 0.02], "Temperature": [60.0, 80.0], "Time": [1.0, 12.0], "BA_0": [0.5, 3.0]}}