{"surrogate": {"BA": " BA ==  - 0.11125186582508939103775 * Time + 1.7979763219604536494955 * BA_0 + 0.85294807747432980354896E-002 * Time**2 - 0.50818228122349248798706E-001 * BA_0**2 - 11.271184707131684632486 * AIBN_0*BA_0 - 0.14481183081072565230207E-001 * Temperature*BA_0 - 0.39593125097455064698160E-001 * Time*BA_0 + 0.37104157122359210374540"}, "input_labels": ["AIBN_0", "Temperature", "Time", "BA_0"], "output_labels": ["BA"], "input_bounds": {"AIBN_0": [0.0025, 0.02], "Temperature": [60.0, 80.0], "Time": [1.0, 12.0], "BA_0": [0.5, 3.0]}}