{"surrogate": {"BA": " BA ==  - 46.403567324204253452535 * AIBN_0 - 0.64377774210895424844558E-001 * Temperature - 0.18030465717376042977804 * Time + 1.7107433089841728168778 * BA_0 + 1082.9422354971827644476 * AIBN_0**2 + 0.37716456424581633940368E-003 * Temperature**2 + 0.84265866081751402555389E-002 * Time**2 - 0.51319919594074635271763E-001 * BA_0**2 + 0.25631987554242008364724 * AIBN_0*Temperature + 0.54448445333546646729417 * AIBN_0*Time - 10.888235014925234267480 * AIBN_0*BA_0 + 0.91157798354217587505355E-003 * Temperature*Time - 0.13344038057794677804013E-001 * Temperature*BA_0 - 0.39440226599466852996922E-001 * Time*BA_0 + 3.1484459988786341888556"}, "input_labels": ["AIBN_0", "Temperature", "Time", "BA_0"], "output_labels": ["BA"], "input_bounds": {"AIBN_0": [0.0025, 0.02], "Temperature": [60.0, 80.0], "Time": [1.0, 12.0], "BA_0": [0.5, 3.0]}}