{"surrogate": {"BA": " BA ==  - 54.020124541021004915820 * AIBN_0 - 0.63800423949177245686037E-001 * Temperature - 0.19318293166346103828523 * Time + 1.6964538657772596508266 * BA_0 + 1181.9893055771037779778 * AIBN_0**2 + 0.36339667638691868466194E-003 * Temperature**2 + 0.86801543260929883705224E-002 * Time**2 - 0.49481519549373340072229E-001 * BA_0**2 + 0.31159556300031904241266 * AIBN_0*Temperature + 0.59563161347429005587628 * AIBN_0*Time - 10.495332433519827475266 * AIBN_0*BA_0 + 0.10016490105900538627737E-002 * Temperature*Time - 0.13419243839383487165717E-001 * Temperature*BA_0 - 0.39089305459830303579594E-001 * Time*BA_0 + 3.2406530352353888346784"}, "input_labels": ["AIBN_0", "Temperature", "Time", "BA_0"], "output_labels": ["BA"], "input_bounds": {"AIBN_0": [0.0025, 0.02], "Temperature": [60.0, 80.0], "Time": [1.0, 12.0], "BA_0": [0.5, 3.0]}}