{"surrogate": {"BA": " BA ==  - 54.084799605793634214024 * AIBN_0 - 0.65360853760585549410145E-001 * Temperature - 0.20725367572024824824872 * Time + 1.6406119589103682621101 * BA_0 + 1171.6464282135007124452 * AIBN_0**2 + 0.36237383885680631880055E-003 * Temperature**2 + 0.88613655037613359849447E-002 * Time**2 - 0.47661943202560480559171E-001 * BA_0**2 + 0.30948896219996363532445 * AIBN_0*Temperature + 0.58759597162808741011020 * AIBN_0*Time - 9.9650399060695562525325 * AIBN_0*BA_0 + 0.11427216489860634283937E-002 * Temperature*Time - 0.12967278304193322058246E-001 * Temperature*BA_0 - 0.38154840659943900504913E-001 * Time*BA_0 + 3.3921388410129260648773"}, "input_labels": ["AIBN_0", "Temperature", "Time", "BA_0"], "output_labels": ["BA"], "input_bounds": {"AIBN_0": [0.0025, 0.02], "Temperature": [60.0, 80.0], "Time": [1.0, 12.0], "BA_0": [0.5, 3.0]}}