{"surrogate": {"Mn": " Mn ==  - 6590776.5002228664234281 * AIBN_0 - 22981.860613779146660818 * Temperature - 19169.894853444213367766 * Time + 364244.11445647059008479 * BA_0 + 90283323.649407476186752 * AIBN_0**2 + 155.29053579544699914550 * Temperature**2 + 501.14893775812970488914 * Time**2 + 10872.217645191576593788 * BA_0**2 + 67627.972038815976702608 * AIBN_0*Temperature - 1235531.9124942547641695 * AIBN_0*BA_0 + 192.94091071355131816745 * Temperature*Time - 3985.1171807641567284008 * Temperature*BA_0 - 2937.6242934027300179878 * Time*BA_0 + 855888.64954193588346243"}, "input_labels": ["AIBN_0", "Temperature", "Time", "BA_0"], "output_labels": ["Mn"], "input_bounds": {"AIBN_0": [0.0025, 0.02], "Temperature": [60.0, 80.0], "Time": [1.0, 12.0], "BA_0": [0.5, 3.0]}}