{"surrogate": {"Mn": " Mn ==  - 7078213.9507367098703980 * AIBN_0 - 23094.111078184785583289 * Temperature - 20019.435678353685943875 * Time + 342837.23370825441088527 * BA_0 + 94658731.744646221399307 * AIBN_0**2 + 154.90861216211393980302 * Temperature**2 + 494.12362243163244102107 * Time**2 + 11032.217699906233974616 * BA_0**2 + 67315.738282987527782097 * AIBN_0*Temperature + 36109.213194260817545000 * AIBN_0*Time - 1108409.1221379456110299 * AIBN_0*BA_0 + 196.97214594581024016406 * Temperature*Time - 3778.8249237029863252246 * Temperature*BA_0 - 2735.7370493739726953208 * Time*BA_0 + 878380.92150293523445725"}, "input_labels": ["AIBN_0", "Temperature", "Time", "BA_0"], "output_labels": ["Mn"], "input_bounds": {"AIBN_0": [0.0025, 0.02], "Temperature": [60.0, 80.0], "Time": [1.0, 12.0], "BA_0": [0.5, 3.0]}}