{"surrogate": {"Mn": " Mn ==  - 6533142.7604905180633068 * AIBN_0 - 23043.434751042263087584 * Temperature - 18581.616790407497319393 * Time + 359161.53025044698733836 * BA_0 + 89706229.523820221424103 * AIBN_0**2 + 156.05012766382733957471 * Temperature**2 + 485.01920295814176142812 * Time**2 + 11160.885058692454549600 * BA_0**2 + 66637.545873252631281503 * AIBN_0*Temperature - 1218820.7242515627294779 * AIBN_0*BA_0 + 188.00062966562003907711 * Temperature*Time - 3940.9410294316708132101 * Temperature*BA_0 - 2931.0061814275359211024 * Time*BA_0 + 857676.82248232560232282"}, "input_labels": ["AIBN_0", "Temperature", "Time", "BA_0"], "output_labels": ["Mn"], "input_bounds": {"AIBN_0": [0.0025, 0.02], "Temperature": [60.0, 80.0], "Time": [1.0, 12.0], "BA_0": [0.5, 3.0]}}