{"surrogate": {"Mn": " Mn ==  - 7104929.1338525386527181 * AIBN_0 - 23433.317668682793737389 * Temperature - 19376.745888146229845006 * Time + 348389.81151620589662343 * BA_0 + 94790600.277217671275139 * AIBN_0**2 + 158.24784731659440240037 * Temperature**2 + 483.53219879691846472269 * Time**2 + 11137.611360814204090275 * BA_0**2 + 68145.971368264654302038 * AIBN_0*Temperature + 36853.190186251653358340 * AIBN_0*Time - 1149014.6218257239088416 * AIBN_0*BA_0 + 191.10382639914226388100 * Temperature*Time - 3845.2546850861299390090 * Temperature*BA_0 - 2782.0312465672959660878 * Time*BA_0 + 883570.86310434318147600"}, "input_labels": ["AIBN_0", "Temperature", "Time", "BA_0"], "output_labels": ["Mn"], "input_bounds": {"AIBN_0": [0.0025, 0.02], "Temperature": [60.0, 80.0], "Time": [1.0, 12.0], "BA_0": [0.5, 3.0]}}