{"surrogate": {"Mn": " Mn ==  - 6989787.2447771346196532 * AIBN_0 - 23304.126071207199856872 * Temperature - 19447.943399955955101177 * Time + 353077.57949716557050124 * BA_0 + 91944259.150464817881584 * AIBN_0**2 + 157.76970838909218741719 * Temperature**2 + 488.58369253141756871628 * Time**2 + 11336.247650492492539342 * BA_0**2 + 68303.504558983520837501 * AIBN_0*Temperature + 34746.788650874652375933 * AIBN_0*Time - 1170738.5633642382454127 * AIBN_0*BA_0 + 193.28574701453891293568 * Temperature*Time - 3901.7712161073632159969 * Temperature*BA_0 - 2852.7663988621679891367 * Time*BA_0 + 874592.81478785269428045"}, "input_labels": ["AIBN_0", "Temperature", "Time", "BA_0"], "output_labels": ["Mn"], "input_bounds": {"AIBN_0": [0.0025, 0.02], "Temperature": [60.0, 80.0], "Time": [1.0, 12.0], "BA_0": [0.5, 3.0]}}