{"surrogate": {"Mw": " Mw ==  - 3232985.1252006874419749 * AIBN_0 - 12388.445445985267724609 * Temperature - 8919.3744495402515894966 * Time + 194313.97364025155548006 * BA_0 + 59930412.286513507366180 * AIBN_0**2 + 84.882042429579556142016 * Temperature**2 + 288.51773877504956544726 * Time**2 + 3601.0145719895986076153 * BA_0**2 + 31603.132317717638215981 * AIBN_0*Temperature - 17440.610465765163098695 * AIBN_0*Time - 865544.51376624824479222 * AIBN_0*BA_0 + 88.667480146240777116873 * Temperature*Time - 2083.1779764635775791248 * Temperature*BA_0 - 2278.5843033136734447908 * Time*BA_0 + 455373.22981204011011869"}, "input_labels": ["AIBN_0", "Temperature", "Time", "BA_0"], "output_labels": ["Mw"], "input_bounds": {"AIBN_0": [0.0025, 0.02], "Temperature": [60.0, 80.0], "Time": [1.0, 12.0], "BA_0": [0.5, 3.0]}}