{"surrogate": {"Mw": " Mw ==  - 3156455.4097568271681666 * AIBN_0 - 12184.790577457966719521 * Temperature - 8951.9236293717622174881 * Time + 199500.65802523356978782 * BA_0 + 56808122.116655118763447 * AIBN_0**2 + 83.728137170555172019704 * Temperature**2 + 290.54802745180285228344 * Time**2 + 3619.1014814424802352733 * BA_0**2 + 30642.780624271836131811 * AIBN_0*Temperature - 897645.33526433003135026 * AIBN_0*BA_0 + 87.337980258757113460888 * Temperature*Time - 2129.2927101910768215021 * Temperature*BA_0 - 2334.9243235011877004581 * Time*BA_0 + 444552.71731428737984970"}, "input_labels": ["AIBN_0", "Temperature", "Time", "BA_0"], "output_labels": ["Mw"], "input_bounds": {"AIBN_0": [0.0025, 0.02], "Temperature": [60.0, 80.0], "Time": [1.0, 12.0], "BA_0": [0.5, 3.0]}}