{"surrogate": {"Mw": " Mw ==  - 3179185.0092605273239315 * AIBN_0 - 12224.473780597520089941 * Temperature - 9380.8622131869396980619 * Time + 202190.36976168307592161 * BA_0 + 57683931.442250564694405 * AIBN_0**2 + 83.822689633106804762974 * Temperature**2 + 300.82120231541193788871 * Time**2 + 3492.4952019001716507773 * BA_0**2 + 30793.439063638372317655 * AIBN_0*Temperature - 910587.34716567711438984 * AIBN_0*BA_0 + 90.874464509941873302523 * Temperature*Time - 2154.1316942778503289446 * Temperature*BA_0 - 2340.7054350540270206693 * Time*BA_0 + 446703.09160389390308410"}, "input_labels": ["AIBN_0", "Temperature", "Time", "BA_0"], "output_labels": ["Mw"], "input_bounds": {"AIBN_0": [0.0025, 0.02], "Temperature": [60.0, 80.0], "Time": [1.0, 12.0], "BA_0": [0.5, 3.0]}}