{"surrogate": {"Mw": " Mw ==  - 3141375.8147640302777290 * AIBN_0 - 12258.255765224190326990 * Temperature - 8946.5338831651242799126 * Time + 196483.76179980370216072 * BA_0 + 58070249.125884473323822 * AIBN_0**2 + 84.216981498612497603062 * Temperature**2 + 289.52119721411401087607 * Time**2 + 3724.0844124844188627321 * BA_0**2 + 31257.158504521939903498 * AIBN_0*Temperature - 17928.203742768087977311 * AIBN_0*Time - 874596.49342623981647193 * AIBN_0*BA_0 + 89.676401730682783863813 * Temperature*Time - 2111.0412280493583239149 * Temperature*BA_0 - 2303.2466439444560819538 * Time*BA_0 + 448461.88579857663717121"}, "input_labels": ["AIBN_0", "Temperature", "Time", "BA_0"], "output_labels": ["Mw"], "input_bounds": {"AIBN_0": [0.0025, 0.02], "Temperature": [60.0, 80.0], "Time": [1.0, 12.0], "BA_0": [0.5, 3.0]}}