{"surrogate": {"Mw": " Mw ==  - 3248802.1096916906535625 * AIBN_0 - 12258.774153305310392170 * Temperature - 9343.6512800679665815551 * Time + 191993.76272645129938610 * BA_0 + 59982777.649922825396061 * AIBN_0**2 + 83.423368691671754504569 * Temperature**2 + 296.81321170660243069506 * Time**2 + 3457.1471309740963988588 * BA_0**2 + 31390.174502092384500429 * AIBN_0*Temperature - 16823.807014773421542486 * AIBN_0*Time - 839610.18718791671562940 * AIBN_0*BA_0 + 92.955593974338981411165 * Temperature*Time - 2051.2402637055538434652 * Temperature*BA_0 - 2288.2492942249650695885 * Time*BA_0 + 454467.06856790644815192"}, "input_labels": ["AIBN_0", "Temperature", "Time", "BA_0"], "output_labels": ["Mw"], "input_bounds": {"AIBN_0": [0.0025, 0.02], "Temperature": [60.0, 80.0], "Time": [1.0, 12.0], "BA_0": [0.5, 3.0]}}