{"surrogate": {"rt": " rt ==  - 4368228.7957155872136354 * AIBN_0 - 5460.0170211218874101178 * Temperature - 44054.908868894599436317 * BA_0 + 52221493.752528525888920 * AIBN_0**2 + 27.760790291744502411575 * Temperature**2 + 3748.5728453673177682504 * BA_0**2 + 27925.788187538702914026 * AIBN_0*Temperature + 314361.62267511204117909 * AIBN_0*BA_0 + 293.93874516392787654695 * Temperature*BA_0 + 294504.53918445925228298"}, "input_labels": ["AIBN_0", "Temperature", "BA_0"], "output_labels": ["rt"], "input_bounds": {"AIBN_0": [0.0025, 0.02], "Temperature": [60.0, 80.0], "BA_0": [0.5, 3.0]}}