{"surrogate": {"rt": " rt ==  - 4129468.5305390553548932 * AIBN_0 - 5114.4679201098097109934 * Temperature - 40050.440453954732220154 * BA_0 + 44540461.567697532474995 * AIBN_0**2 + 25.719380898728118722829 * Temperature**2 + 3028.7533049092521650891 * BA_0**2 + 28271.967934296168095898 * AIBN_0*Temperature + 294424.55498411814915016 * AIBN_0*BA_0 + 289.92753559772995686217 * Temperature*BA_0 + 275452.79820860386826098"}, "input_labels": ["AIBN_0", "Temperature", "BA_0"], "output_labels": ["rt"], "input_bounds": {"AIBN_0": [0.0025, 0.02], "Temperature": [60.0, 80.0], "BA_0": [0.5, 3.0]}}