{"surrogate": {"rt": " rt ==  - 4371810.6174628250300884 * AIBN_0 - 5355.7156008182191726519 * Temperature - 42360.383988260058686137 * BA_0 + 49626784.901015229523182 * AIBN_0**2 + 27.155930149659528893835 * Temperature**2 + 3482.9144893696766303037 * BA_0**2 + 29445.759892676731396932 * AIBN_0*Temperature + 300278.99953019706299528 * AIBN_0*BA_0 + 293.39813115684825106655 * Temperature*BA_0 + 287894.73970780608942732"}, "input_labels": ["AIBN_0", "Temperature", "BA_0"], "output_labels": ["rt"], "input_bounds": {"AIBN_0": [0.0025, 0.02], "Temperature": [60.0, 80.0], "BA_0": [0.5, 3.0]}}