{"surrogate": {"rt": " rt ==  - 4080682.6141748796217144 * AIBN_0 - 5043.8492231598693251726 * Temperature - 40724.537477633610251360 * BA_0 + 42219457.552796773612499 * AIBN_0**2 + 25.129860958115674662849 * Temperature**2 + 3036.5045042226752229908 * BA_0**2 + 28452.395429367683391320 * AIBN_0*Temperature + 293991.04234919464215636 * AIBN_0*BA_0 + 299.76383880875130216737 * Temperature*BA_0 + 273054.37173272710060701"}, "input_labels": ["AIBN_0", "Temperature", "BA_0"], "output_labels": ["rt"], "input_bounds": {"AIBN_0": [0.0025, 0.02], "Temperature": [60.0, 80.0], "BA_0": [0.5, 3.0]}}