{"surrogate": {"rt": " rt ==  - 3961854.8351492388173938 * AIBN_0 - 4955.4187316693814864266 * Temperature - 40833.801413770037470385 * BA_0 + 42563602.198567867279053 * AIBN_0**2 + 24.616029571202730608093 * Temperature**2 + 2951.1875858447456266731 * BA_0**2 + 27200.790748614253971027 * AIBN_0*Temperature + 287827.61922608234453946 * AIBN_0*BA_0 + 309.44515142440315003114 * Temperature*BA_0 + 268399.04436225543031469"}, "input_labels": ["AIBN_0", "Temperature", "BA_0"], "output_labels": ["rt"], "input_bounds": {"AIBN_0": [0.0025, 0.02], "Temperature": [60.0, 80.0], "BA_0": [0.5, 3.0]}}